{
  "info": {
    "name": "Drilldex API (auto-generated)",
    "schema": "https://schema.getpostman.com/json/collection/v2.1.0/collection.json"
  },
  "variable": [
    {
      "key": "baseUrl",
      "value": "http://localhost:8080"
    },
    {
      "key": "token",
      "value": ""
    }
  ],
  "auth": {
    "type": "bearer",
    "bearer": [
      {
        "key": "token",
        "value": "{{token}}",
        "type": "string"
      }
    ]
  },
  "item": [
    {
      "name": "admin",
      "item": [
        {
          "name": "POST /api/admin/beats/{id}/approve",
          "request": {
            "method": "POST",
            "header": [
              {
                "key": "Content-Type",
                "value": "application/json"
              }
            ],
            "url": {
              "raw": "{{baseUrl}}/api/admin/beats/{{id}}/approve",
              "host": [
                "{{baseUrl}}"
              ],
              "path": [
                "api",
                "admin",
                "beats",
                "{{id}}",
                "approve"
              ]
            },
            "body": {
              "mode": "raw",
              "raw": "{}"
            }
          }
        },
        {
          "name": "GET /api/admin/beats/{id}/master-url",
          "request": {
            "method": "GET",
            "header": [],
            "url": {
              "raw": "{{baseUrl}}/api/admin/beats/{{id}}/master-url",
              "host": [
                "{{baseUrl}}"
              ],
              "path": [
                "api",
                "admin",
                "beats",
                "{{id}}",
                "master-url"
              ]
            }
          }
        },
        {
          "name": "POST /api/admin/beats/{id}/reject",
          "request": {
            "method": "POST",
            "header": [
              {
                "key": "Content-Type",
                "value": "application/json"
              }
            ],
            "url": {
              "raw": "{{baseUrl}}/api/admin/beats/{{id}}/reject",
              "host": [
                "{{baseUrl}}"
              ],
              "path": [
                "api",
                "admin",
                "beats",
                "{{id}}",
                "reject"
              ]
            },
            "body": {
              "mode": "raw",
              "raw": "{}"
            }
          }
        },
        {
          "name": "GET /api/admin/beats/pending",
          "request": {
            "method": "GET",
            "header": [],
            "url": {
              "raw": "{{baseUrl}}/api/admin/beats/pending",
              "host": [
                "{{baseUrl}}"
              ],
              "path": [
                "api",
                "admin",
                "beats",
                "pending"
              ]
            }
          }
        },
        {
          "name": "GET /api/admin/kits/{id}",
          "request": {
            "method": "GET",
            "header": [],
            "url": {
              "raw": "{{baseUrl}}/api/admin/kits/{{id}}",
              "host": [
                "{{baseUrl}}"
              ],
              "path": [
                "api",
                "admin",
                "kits",
                "{{id}}"
              ]
            }
          }
        },
        {
          "name": "POST /api/admin/kits/{id}/approve",
          "request": {
            "method": "POST",
            "header": [
              {
                "key": "Content-Type",
                "value": "application/json"
              }
            ],
            "url": {
              "raw": "{{baseUrl}}/api/admin/kits/{{id}}/approve",
              "host": [
                "{{baseUrl}}"
              ],
              "path": [
                "api",
                "admin",
                "kits",
                "{{id}}",
                "approve"
              ]
            },
            "body": {
              "mode": "raw",
              "raw": "{}"
            }
          }
        },
        {
          "name": "GET /api/admin/kits/{id}/master-url",
          "request": {
            "method": "GET",
            "header": [],
            "url": {
              "raw": "{{baseUrl}}/api/admin/kits/{{id}}/master-url",
              "host": [
                "{{baseUrl}}"
              ],
              "path": [
                "api",
                "admin",
                "kits",
                "{{id}}",
                "master-url"
              ]
            }
          }
        },
        {
          "name": "POST /api/admin/kits/{id}/reject",
          "request": {
            "method": "POST",
            "header": [
              {
                "key": "Content-Type",
                "value": "application/json"
              }
            ],
            "url": {
              "raw": "{{baseUrl}}/api/admin/kits/{{id}}/reject",
              "host": [
                "{{baseUrl}}"
              ],
              "path": [
                "api",
                "admin",
                "kits",
                "{{id}}",
                "reject"
              ]
            },
            "body": {
              "mode": "raw",
              "raw": "{}"
            }
          }
        },
        {
          "name": "GET /api/admin/kits/pending",
          "request": {
            "method": "GET",
            "header": [],
            "url": {
              "raw": "{{baseUrl}}/api/admin/kits/pending",
              "host": [
                "{{baseUrl}}"
              ],
              "path": [
                "api",
                "admin",
                "kits",
                "pending"
              ]
            }
          }
        },
        {
          "name": "GET /api/admin/packs/{packId}",
          "request": {
            "method": "GET",
            "header": [],
            "url": {
              "raw": "{{baseUrl}}/api/admin/packs/{{packId}}",
              "host": [
                "{{baseUrl}}"
              ],
              "path": [
                "api",
                "admin",
                "packs",
                "{{packId}}"
              ]
            }
          }
        },
        {
          "name": "POST /api/admin/packs/{packId}/approve",
          "request": {
            "method": "POST",
            "header": [
              {
                "key": "Content-Type",
                "value": "application/json"
              }
            ],
            "url": {
              "raw": "{{baseUrl}}/api/admin/packs/{{packId}}/approve",
              "host": [
                "{{baseUrl}}"
              ],
              "path": [
                "api",
                "admin",
                "packs",
                "{{packId}}",
                "approve"
              ]
            },
            "body": {
              "mode": "raw",
              "raw": "{}"
            }
          }
        },
        {
          "name": "POST /api/admin/packs/{packId}/reject",
          "request": {
            "method": "POST",
            "header": [
              {
                "key": "Content-Type",
                "value": "application/json"
              }
            ],
            "url": {
              "raw": "{{baseUrl}}/api/admin/packs/{{packId}}/reject",
              "host": [
                "{{baseUrl}}"
              ],
              "path": [
                "api",
                "admin",
                "packs",
                "{{packId}}",
                "reject"
              ]
            },
            "body": {
              "mode": "raw",
              "raw": "{}"
            }
          }
        },
        {
          "name": "GET /api/admin/packs/{packId}/verify",
          "request": {
            "method": "GET",
            "header": [],
            "url": {
              "raw": "{{baseUrl}}/api/admin/packs/{{packId}}/verify",
              "host": [
                "{{baseUrl}}"
              ],
              "path": [
                "api",
                "admin",
                "packs",
                "{{packId}}",
                "verify"
              ]
            }
          }
        },
        {
          "name": "GET /api/admin/packs/pending",
          "request": {
            "method": "GET",
            "header": [],
            "url": {
              "raw": "{{baseUrl}}/api/admin/packs/pending",
              "host": [
                "{{baseUrl}}"
              ],
              "path": [
                "api",
                "admin",
                "packs",
                "pending"
              ]
            }
          }
        }
      ]
    },
    {
      "name": "auth",
      "item": [
        {
          "name": "POST /api/auth/login",
          "request": {
            "method": "POST",
            "header": [
              {
                "key": "Content-Type",
                "value": "application/json"
              }
            ],
            "url": {
              "raw": "{{baseUrl}}/api/auth/login",
              "host": [
                "{{baseUrl}}"
              ],
              "path": [
                "api",
                "auth",
                "login"
              ]
            },
            "body": {
              "mode": "raw",
              "raw": "{}"
            }
          }
        },
        {
          "name": "GET /api/auth/me",
          "request": {
            "method": "GET",
            "header": [],
            "url": {
              "raw": "{{baseUrl}}/api/auth/me",
              "host": [
                "{{baseUrl}}"
              ],
              "path": [
                "api",
                "auth",
                "me"
              ]
            }
          }
        },
        {
          "name": "POST /api/auth/refresh-token",
          "request": {
            "method": "POST",
            "header": [
              {
                "key": "Content-Type",
                "value": "application/json"
              }
            ],
            "url": {
              "raw": "{{baseUrl}}/api/auth/refresh-token",
              "host": [
                "{{baseUrl}}"
              ],
              "path": [
                "api",
                "auth",
                "refresh-token"
              ]
            },
            "body": {
              "mode": "raw",
              "raw": "{}"
            }
          }
        },
        {
          "name": "POST /api/auth/register",
          "request": {
            "method": "POST",
            "header": [
              {
                "key": "Content-Type",
                "value": "application/json"
              }
            ],
            "url": {
              "raw": "{{baseUrl}}/api/auth/register",
              "host": [
                "{{baseUrl}}"
              ],
              "path": [
                "api",
                "auth",
                "register"
              ]
            },
            "body": {
              "mode": "raw",
              "raw": "{}"
            }
          }
        }
      ]
    },
    {
      "name": "beats",
      "item": [
        {
          "name": "DELETE /api/beats/{beatId}/comments/{commentId}",
          "request": {
            "method": "DELETE",
            "header": [],
            "url": {
              "raw": "{{baseUrl}}/api/beats/{{beatId}}/comments/{{commentId}}",
              "host": [
                "{{baseUrl}}"
              ],
              "path": [
                "api",
                "beats",
                "{{beatId}}",
                "comments",
                "{{commentId}}"
              ]
            }
          }
        },
        {
          "name": "DELETE /api/beats/{id}",
          "request": {
            "method": "DELETE",
            "header": [],
            "url": {
              "raw": "{{baseUrl}}/api/beats/{{id}}",
              "host": [
                "{{baseUrl}}"
              ],
              "path": [
                "api",
                "beats",
                "{{id}}"
              ]
            }
          }
        },
        {
          "name": "GET /api/beats/{id}/comments",
          "request": {
            "method": "GET",
            "header": [],
            "url": {
              "raw": "{{baseUrl}}/api/beats/{{id}}/comments",
              "host": [
                "{{baseUrl}}"
              ],
              "path": [
                "api",
                "beats",
                "{{id}}",
                "comments"
              ]
            }
          }
        },
        {
          "name": "POST /api/beats/{id}/comments",
          "request": {
            "method": "POST",
            "header": [
              {
                "key": "Content-Type",
                "value": "application/json"
              }
            ],
            "url": {
              "raw": "{{baseUrl}}/api/beats/{{id}}/comments",
              "host": [
                "{{baseUrl}}"
              ],
              "path": [
                "api",
                "beats",
                "{{id}}",
                "comments"
              ]
            },
            "body": {
              "mode": "raw",
              "raw": "{}"
            }
          }
        },
        {
          "name": "DELETE /api/beats/{id}/feature",
          "request": {
            "method": "DELETE",
            "header": [],
            "url": {
              "raw": "{{baseUrl}}/api/beats/{{id}}/feature",
              "host": [
                "{{baseUrl}}"
              ],
              "path": [
                "api",
                "beats",
                "{{id}}",
                "feature"
              ]
            }
          }
        },
        {
          "name": "POST /api/beats/{id}/feature",
          "request": {
            "method": "POST",
            "header": [
              {
                "key": "Content-Type",
                "value": "application/json"
              }
            ],
            "url": {
              "raw": "{{baseUrl}}/api/beats/{{id}}/feature",
              "host": [
                "{{baseUrl}}"
              ],
              "path": [
                "api",
                "beats",
                "{{id}}",
                "feature"
              ]
            },
            "body": {
              "mode": "raw",
              "raw": "{}"
            }
          }
        },
        {
          "name": "GET /api/beats/{id}/licenses",
          "request": {
            "method": "GET",
            "header": [],
            "url": {
              "raw": "{{baseUrl}}/api/beats/{{id}}/licenses",
              "host": [
                "{{baseUrl}}"
              ],
              "path": [
                "api",
                "beats",
                "{{id}}",
                "licenses"
              ]
            }
          }
        },
        {
          "name": "DELETE /api/beats/{id}/like",
          "request": {
            "method": "DELETE",
            "header": [],
            "url": {
              "raw": "{{baseUrl}}/api/beats/{{id}}/like",
              "host": [
                "{{baseUrl}}"
              ],
              "path": [
                "api",
                "beats",
                "{{id}}",
                "like"
              ]
            }
          }
        },
        {
          "name": "POST /api/beats/{id}/like",
          "request": {
            "method": "POST",
            "header": [
              {
                "key": "Content-Type",
                "value": "application/json"
              }
            ],
            "url": {
              "raw": "{{baseUrl}}/api/beats/{{id}}/like",
              "host": [
                "{{baseUrl}}"
              ],
              "path": [
                "api",
                "beats",
                "{{id}}",
                "like"
              ]
            },
            "body": {
              "mode": "raw",
              "raw": "{}"
            }
          }
        },
        {
          "name": "GET /api/beats/{id}/liked",
          "request": {
            "method": "GET",
            "header": [],
            "url": {
              "raw": "{{baseUrl}}/api/beats/{{id}}/liked",
              "host": [
                "{{baseUrl}}"
              ],
              "path": [
                "api",
                "beats",
                "{{id}}",
                "liked"
              ]
            }
          }
        },
        {
          "name": "POST /api/beats/{id}/play",
          "request": {
            "method": "POST",
            "header": [
              {
                "key": "Content-Type",
                "value": "application/json"
              }
            ],
            "url": {
              "raw": "{{baseUrl}}/api/beats/{{id}}/play",
              "host": [
                "{{baseUrl}}"
              ],
              "path": [
                "api",
                "beats",
                "{{id}}",
                "play"
              ]
            },
            "body": {
              "mode": "raw",
              "raw": "{}"
            }
          }
        },
        {
          "name": "GET /api/beats/{id}/preview-url",
          "request": {
            "method": "GET",
            "header": [],
            "url": {
              "raw": "{{baseUrl}}/api/beats/{{id}}/preview-url",
              "host": [
                "{{baseUrl}}"
              ],
              "path": [
                "api",
                "beats",
                "{{id}}",
                "preview-url"
              ]
            }
          }
        },
        {
          "name": "GET /api/beats/approved",
          "request": {
            "method": "GET",
            "header": [],
            "url": {
              "raw": "{{baseUrl}}/api/beats/approved",
              "host": [
                "{{baseUrl}}"
              ],
              "path": [
                "api",
                "beats",
                "approved"
              ]
            }
          }
        },
        {
          "name": "GET /api/beats/by-slug/{slug}",
          "request": {
            "method": "GET",
            "header": [],
            "url": {
              "raw": "{{baseUrl}}/api/beats/by-slug/{{slug}}",
              "host": [
                "{{baseUrl}}"
              ],
              "path": [
                "api",
                "beats",
                "by-slug",
                "{{slug}}"
              ]
            }
          }
        },
        {
          "name": "GET /api/beats/download/{beatId}",
          "request": {
            "method": "GET",
            "header": [],
            "url": {
              "raw": "{{baseUrl}}/api/beats/download/{{beatId}}",
              "host": [
                "{{baseUrl}}"
              ],
              "path": [
                "api",
                "beats",
                "download",
                "{{beatId}}"
              ]
            }
          }
        },
        {
          "name": "GET /api/beats/featured",
          "request": {
            "method": "GET",
            "header": [],
            "url": {
              "raw": "{{baseUrl}}/api/beats/featured",
              "host": [
                "{{baseUrl}}"
              ],
              "path": [
                "api",
                "beats",
                "featured"
              ]
            }
          }
        },
        {
          "name": "GET /api/beats/filter",
          "request": {
            "method": "GET",
            "header": [],
            "url": {
              "raw": "{{baseUrl}}/api/beats/filter",
              "host": [
                "{{baseUrl}}"
              ],
              "path": [
                "api",
                "beats",
                "filter"
              ]
            }
          }
        },
        {
          "name": "GET /api/beats/new",
          "request": {
            "method": "GET",
            "header": [],
            "url": {
              "raw": "{{baseUrl}}/api/beats/new",
              "host": [
                "{{baseUrl}}"
              ],
              "path": [
                "api",
                "beats",
                "new"
              ]
            }
          }
        },
        {
          "name": "GET /api/beats/popular",
          "request": {
            "method": "GET",
            "header": [],
            "url": {
              "raw": "{{baseUrl}}/api/beats/popular",
              "host": [
                "{{baseUrl}}"
              ],
              "path": [
                "api",
                "beats",
                "popular"
              ]
            }
          }
        },
        {
          "name": "GET /api/beats/search",
          "request": {
            "method": "GET",
            "header": [],
            "url": {
              "raw": "{{baseUrl}}/api/beats/search",
              "host": [
                "{{baseUrl}}"
              ],
              "path": [
                "api",
                "beats",
                "search"
              ]
            }
          }
        },
        {
          "name": "GET /api/beats/styles/{slug}",
          "request": {
            "method": "GET",
            "header": [],
            "url": {
              "raw": "{{baseUrl}}/api/beats/styles/{{slug}}",
              "host": [
                "{{baseUrl}}"
              ],
              "path": [
                "api",
                "beats",
                "styles",
                "{{slug}}"
              ]
            }
          }
        },
        {
          "name": "GET /api/beats/test-dto/{id}",
          "request": {
            "method": "GET",
            "header": [],
            "url": {
              "raw": "{{baseUrl}}/api/beats/test-dto/{{id}}",
              "host": [
                "{{baseUrl}}"
              ],
              "path": [
                "api",
                "beats",
                "test-dto",
                "{{id}}"
              ]
            }
          }
        },
        {
          "name": "GET /api/beats/trending",
          "request": {
            "method": "GET",
            "header": [],
            "url": {
              "raw": "{{baseUrl}}/api/beats/trending",
              "host": [
                "{{baseUrl}}"
              ],
              "path": [
                "api",
                "beats",
                "trending"
              ]
            }
          }
        },
        {
          "name": "POST /api/beats/upload",
          "request": {
            "method": "POST",
            "header": [
              {
                "key": "Content-Type",
                "value": "application/json"
              }
            ],
            "url": {
              "raw": "{{baseUrl}}/api/beats/upload",
              "host": [
                "{{baseUrl}}"
              ],
              "path": [
                "api",
                "beats",
                "upload"
              ]
            },
            "body": {
              "mode": "raw",
              "raw": "{}"
            }
          }
        }
      ]
    },
    {
      "name": "billing",
      "item": [
        {
          "name": "POST /api/billing/subscriptions/{id}/cancel",
          "request": {
            "method": "POST",
            "header": [
              {
                "key": "Content-Type",
                "value": "application/json"
              }
            ],
            "url": {
              "raw": "{{baseUrl}}/api/billing/subscriptions/{{id}}/cancel",
              "host": [
                "{{baseUrl}}"
              ],
              "path": [
                "api",
                "billing",
                "subscriptions",
                "{{id}}",
                "cancel"
              ]
            },
            "body": {
              "mode": "raw",
              "raw": "{}"
            }
          }
        },
        {
          "name": "POST /api/billing/subscriptions/{id}/resume",
          "request": {
            "method": "POST",
            "header": [
              {
                "key": "Content-Type",
                "value": "application/json"
              }
            ],
            "url": {
              "raw": "{{baseUrl}}/api/billing/subscriptions/{{id}}/resume",
              "host": [
                "{{baseUrl}}"
              ],
              "path": [
                "api",
                "billing",
                "subscriptions",
                "{{id}}",
                "resume"
              ]
            },
            "body": {
              "mode": "raw",
              "raw": "{}"
            }
          }
        },
        {
          "name": "GET /api/billing/subscriptions/mine",
          "request": {
            "method": "GET",
            "header": [],
            "url": {
              "raw": "{{baseUrl}}/api/billing/subscriptions/mine",
              "host": [
                "{{baseUrl}}"
              ],
              "path": [
                "api",
                "billing",
                "subscriptions",
                "mine"
              ]
            }
          }
        }
      ]
    },
    {
      "name": "chat",
      "item": [
        {
          "name": "GET /api/chat/history",
          "request": {
            "method": "GET",
            "header": [],
            "url": {
              "raw": "{{baseUrl}}/api/chat/history",
              "host": [
                "{{baseUrl}}"
              ],
              "path": [
                "api",
                "chat",
                "history"
              ]
            }
          }
        },
        {
          "name": "POST /api/chat/send",
          "request": {
            "method": "POST",
            "header": [
              {
                "key": "Content-Type",
                "value": "application/json"
              }
            ],
            "url": {
              "raw": "{{baseUrl}}/api/chat/send",
              "host": [
                "{{baseUrl}}"
              ],
              "path": [
                "api",
                "chat",
                "send"
              ]
            },
            "body": {
              "mode": "raw",
              "raw": "{}"
            }
          }
        },
        {
          "name": "GET /api/chat/stream",
          "request": {
            "method": "GET",
            "header": [],
            "url": {
              "raw": "{{baseUrl}}/api/chat/stream",
              "host": [
                "{{baseUrl}}"
              ],
              "path": [
                "api",
                "chat",
                "stream"
              ]
            }
          }
        },
        {
          "name": "GET /api/chat/threads",
          "request": {
            "method": "GET",
            "header": [],
            "url": {
              "raw": "{{baseUrl}}/api/chat/threads",
              "host": [
                "{{baseUrl}}"
              ],
              "path": [
                "api",
                "chat",
                "threads"
              ]
            }
          }
        }
      ]
    },
    {
      "name": "checkout",
      "item": [
        {
          "name": "POST /api/checkout/confirm",
          "request": {
            "method": "POST",
            "header": [
              {
                "key": "Content-Type",
                "value": "application/json"
              }
            ],
            "url": {
              "raw": "{{baseUrl}}/api/checkout/confirm",
              "host": [
                "{{baseUrl}}"
              ],
              "path": [
                "api",
                "checkout",
                "confirm"
              ]
            },
            "body": {
              "mode": "raw",
              "raw": "{}"
            }
          }
        },
        {
          "name": "POST /api/checkout/start",
          "request": {
            "method": "POST",
            "header": [
              {
                "key": "Content-Type",
                "value": "application/json"
              }
            ],
            "url": {
              "raw": "{{baseUrl}}/api/checkout/start",
              "host": [
                "{{baseUrl}}"
              ],
              "path": [
                "api",
                "checkout",
                "start"
              ]
            },
            "body": {
              "mode": "raw",
              "raw": "{}"
            }
          }
        }
      ]
    },
    {
      "name": "follow",
      "item": [
        {
          "name": "DELETE /api/follow/{userId}",
          "request": {
            "method": "DELETE",
            "header": [],
            "url": {
              "raw": "{{baseUrl}}/api/follow/{{userId}}",
              "host": [
                "{{baseUrl}}"
              ],
              "path": [
                "api",
                "follow",
                "{{userId}}"
              ]
            }
          }
        },
        {
          "name": "POST /api/follow/{userId}",
          "request": {
            "method": "POST",
            "header": [
              {
                "key": "Content-Type",
                "value": "application/json"
              }
            ],
            "url": {
              "raw": "{{baseUrl}}/api/follow/{{userId}}",
              "host": [
                "{{baseUrl}}"
              ],
              "path": [
                "api",
                "follow",
                "{{userId}}"
              ]
            },
            "body": {
              "mode": "raw",
              "raw": "{}"
            }
          }
        },
        {
          "name": "GET /api/follow/{userId}/is-following",
          "request": {
            "method": "GET",
            "header": [],
            "url": {
              "raw": "{{baseUrl}}/api/follow/{{userId}}/is-following",
              "host": [
                "{{baseUrl}}"
              ],
              "path": [
                "api",
                "follow",
                "{{userId}}",
                "is-following"
              ]
            }
          }
        }
      ]
    },
    {
      "name": "kits",
      "item": [
        {
          "name": "DELETE /api/kits/{id}",
          "request": {
            "method": "DELETE",
            "header": [],
            "url": {
              "raw": "{{baseUrl}}/api/kits/{{id}}",
              "host": [
                "{{baseUrl}}"
              ],
              "path": [
                "api",
                "kits",
                "{{id}}"
              ]
            }
          }
        },
        {
          "name": "GET /api/kits/{id}",
          "request": {
            "method": "GET",
            "header": [],
            "url": {
              "raw": "{{baseUrl}}/api/kits/{{id}}",
              "host": [
                "{{baseUrl}}"
              ],
              "path": [
                "api",
                "kits",
                "{{id}}"
              ]
            }
          }
        },
        {
          "name": "GET /api/kits/{id}/comments",
          "request": {
            "method": "GET",
            "header": [],
            "url": {
              "raw": "{{baseUrl}}/api/kits/{{id}}/comments",
              "host": [
                "{{baseUrl}}"
              ],
              "path": [
                "api",
                "kits",
                "{{id}}",
                "comments"
              ]
            }
          }
        },
        {
          "name": "POST /api/kits/{id}/comments",
          "request": {
            "method": "POST",
            "header": [
              {
                "key": "Content-Type",
                "value": "application/json"
              }
            ],
            "url": {
              "raw": "{{baseUrl}}/api/kits/{{id}}/comments",
              "host": [
                "{{baseUrl}}"
              ],
              "path": [
                "api",
                "kits",
                "{{id}}",
                "comments"
              ]
            },
            "body": {
              "mode": "raw",
              "raw": "{}"
            }
          }
        },
        {
          "name": "GET /api/kits/{id}/contents",
          "request": {
            "method": "GET",
            "header": [],
            "url": {
              "raw": "{{baseUrl}}/api/kits/{{id}}/contents",
              "host": [
                "{{baseUrl}}"
              ],
              "path": [
                "api",
                "kits",
                "{{id}}",
                "contents"
              ]
            }
          }
        },
        {
          "name": "DELETE /api/kits/{id}/like",
          "request": {
            "method": "DELETE",
            "header": [],
            "url": {
              "raw": "{{baseUrl}}/api/kits/{{id}}/like",
              "host": [
                "{{baseUrl}}"
              ],
              "path": [
                "api",
                "kits",
                "{{id}}",
                "like"
              ]
            }
          }
        },
        {
          "name": "POST /api/kits/{id}/like",
          "request": {
            "method": "POST",
            "header": [
              {
                "key": "Content-Type",
                "value": "application/json"
              }
            ],
            "url": {
              "raw": "{{baseUrl}}/api/kits/{{id}}/like",
              "host": [
                "{{baseUrl}}"
              ],
              "path": [
                "api",
                "kits",
                "{{id}}",
                "like"
              ]
            },
            "body": {
              "mode": "raw",
              "raw": "{}"
            }
          }
        },
        {
          "name": "GET /api/kits/{id}/liked",
          "request": {
            "method": "GET",
            "header": [],
            "url": {
              "raw": "{{baseUrl}}/api/kits/{{id}}/liked",
              "host": [
                "{{baseUrl}}"
              ],
              "path": [
                "api",
                "kits",
                "{{id}}",
                "liked"
              ]
            }
          }
        },
        {
          "name": "POST /api/kits/{id}/play",
          "request": {
            "method": "POST",
            "header": [
              {
                "key": "Content-Type",
                "value": "application/json"
              }
            ],
            "url": {
              "raw": "{{baseUrl}}/api/kits/{{id}}/play",
              "host": [
                "{{baseUrl}}"
              ],
              "path": [
                "api",
                "kits",
                "{{id}}",
                "play"
              ]
            },
            "body": {
              "mode": "raw",
              "raw": "{}"
            }
          }
        },
        {
          "name": "GET /api/kits/{id}/preview-playlist",
          "request": {
            "method": "GET",
            "header": [],
            "url": {
              "raw": "{{baseUrl}}/api/kits/{{id}}/preview-playlist",
              "host": [
                "{{baseUrl}}"
              ],
              "path": [
                "api",
                "kits",
                "{{id}}",
                "preview-playlist"
              ]
            }
          }
        },
        {
          "name": "DELETE /api/kits/{kitId}/comments/{commentId}",
          "request": {
            "method": "DELETE",
            "header": [],
            "url": {
              "raw": "{{baseUrl}}/api/kits/{{kitId}}/comments/{{commentId}}",
              "host": [
                "{{baseUrl}}"
              ],
              "path": [
                "api",
                "kits",
                "{{kitId}}",
                "comments",
                "{{commentId}}"
              ]
            }
          }
        },
        {
          "name": "PATCH /api/kits/{kitId}/comments/{commentId}",
          "request": {
            "method": "PATCH",
            "header": [
              {
                "key": "Content-Type",
                "value": "application/json"
              }
            ],
            "url": {
              "raw": "{{baseUrl}}/api/kits/{{kitId}}/comments/{{commentId}}",
              "host": [
                "{{baseUrl}}"
              ],
              "path": [
                "api",
                "kits",
                "{{kitId}}",
                "comments",
                "{{commentId}}"
              ]
            },
            "body": {
              "mode": "raw",
              "raw": "{}"
            }
          }
        },
        {
          "name": "POST /api/kits/{kitId}/comments/{commentId}/like",
          "request": {
            "method": "POST",
            "header": [
              {
                "key": "Content-Type",
                "value": "application/json"
              }
            ],
            "url": {
              "raw": "{{baseUrl}}/api/kits/{{kitId}}/comments/{{commentId}}/like",
              "host": [
                "{{baseUrl}}"
              ],
              "path": [
                "api",
                "kits",
                "{{kitId}}",
                "comments",
                "{{commentId}}",
                "like"
              ]
            },
            "body": {
              "mode": "raw",
              "raw": "{}"
            }
          }
        },
        {
          "name": "POST /api/kits/{kitId}/comments/{commentId}/unlike",
          "request": {
            "method": "POST",
            "header": [
              {
                "key": "Content-Type",
                "value": "application/json"
              }
            ],
            "url": {
              "raw": "{{baseUrl}}/api/kits/{{kitId}}/comments/{{commentId}}/unlike",
              "host": [
                "{{baseUrl}}"
              ],
              "path": [
                "api",
                "kits",
                "{{kitId}}",
                "comments",
                "{{commentId}}",
                "unlike"
              ]
            },
            "body": {
              "mode": "raw",
              "raw": "{}"
            }
          }
        },
        {
          "name": "GET /api/kits/approved",
          "request": {
            "method": "GET",
            "header": [],
            "url": {
              "raw": "{{baseUrl}}/api/kits/approved",
              "host": [
                "{{baseUrl}}"
              ],
              "path": [
                "api",
                "kits",
                "approved"
              ]
            }
          }
        },
        {
          "name": "GET /api/kits/by-slug/{slug}",
          "request": {
            "method": "GET",
            "header": [],
            "url": {
              "raw": "{{baseUrl}}/api/kits/by-slug/{{slug}}",
              "host": [
                "{{baseUrl}}"
              ],
              "path": [
                "api",
                "kits",
                "by-slug",
                "{{slug}}"
              ]
            }
          }
        },
        {
          "name": "GET /api/kits/by-slug/{slug}/contents",
          "request": {
            "method": "GET",
            "header": [],
            "url": {
              "raw": "{{baseUrl}}/api/kits/by-slug/{{slug}}/contents",
              "host": [
                "{{baseUrl}}"
              ],
              "path": [
                "api",
                "kits",
                "by-slug",
                "{{slug}}",
                "contents"
              ]
            }
          }
        },
        {
          "name": "GET /api/kits/featured",
          "request": {
            "method": "GET",
            "header": [],
            "url": {
              "raw": "{{baseUrl}}/api/kits/featured",
              "host": [
                "{{baseUrl}}"
              ],
              "path": [
                "api",
                "kits",
                "featured"
              ]
            }
          }
        },
        {
          "name": "GET /api/kits/mine",
          "request": {
            "method": "GET",
            "header": [],
            "url": {
              "raw": "{{baseUrl}}/api/kits/mine",
              "host": [
                "{{baseUrl}}"
              ],
              "path": [
                "api",
                "kits",
                "mine"
              ]
            }
          }
        },
        {
          "name": "GET /api/kits/new",
          "request": {
            "method": "GET",
            "header": [],
            "url": {
              "raw": "{{baseUrl}}/api/kits/new",
              "host": [
                "{{baseUrl}}"
              ],
              "path": [
                "api",
                "kits",
                "new"
              ]
            }
          }
        },
        {
          "name": "GET /api/kits/popular",
          "request": {
            "method": "GET",
            "header": [],
            "url": {
              "raw": "{{baseUrl}}/api/kits/popular",
              "host": [
                "{{baseUrl}}"
              ],
              "path": [
                "api",
                "kits",
                "popular"
              ]
            }
          }
        },
        {
          "name": "GET /api/kits/search",
          "request": {
            "method": "GET",
            "header": [],
            "url": {
              "raw": "{{baseUrl}}/api/kits/search",
              "host": [
                "{{baseUrl}}"
              ],
              "path": [
                "api",
                "kits",
                "search"
              ]
            }
          }
        },
        {
          "name": "GET /api/kits/trending",
          "request": {
            "method": "GET",
            "header": [],
            "url": {
              "raw": "{{baseUrl}}/api/kits/trending",
              "host": [
                "{{baseUrl}}"
              ],
              "path": [
                "api",
                "kits",
                "trending"
              ]
            }
          }
        },
        {
          "name": "POST /api/kits/upload",
          "request": {
            "method": "POST",
            "header": [
              {
                "key": "Content-Type",
                "value": "application/json"
              }
            ],
            "url": {
              "raw": "{{baseUrl}}/api/kits/upload",
              "host": [
                "{{baseUrl}}"
              ],
              "path": [
                "api",
                "kits",
                "upload"
              ]
            },
            "body": {
              "mode": "raw",
              "raw": "{}"
            }
          }
        }
      ]
    },
    {
      "name": "licenses",
      "item": [
        {
          "name": "GET /api/licenses/{filename:.+}",
          "request": {
            "method": "GET",
            "header": [],
            "url": {
              "raw": "{{baseUrl}}/api/licenses/{{filename}}",
              "host": [
                "{{baseUrl}}"
              ],
              "path": [
                "api",
                "licenses",
                "{{filename}}"
              ]
            }
          }
        }
      ]
    },
    {
      "name": "me",
      "item": [
        {
          "name": "GET /api/me",
          "request": {
            "method": "GET",
            "header": [],
            "url": {
              "raw": "{{baseUrl}}/api/me",
              "host": [
                "{{baseUrl}}"
              ],
              "path": [
                "api",
                "me"
              ]
            }
          }
        },
        {
          "name": "DELETE /api/me/avatar",
          "request": {
            "method": "DELETE",
            "header": [],
            "url": {
              "raw": "{{baseUrl}}/api/me/avatar",
              "host": [
                "{{baseUrl}}"
              ],
              "path": [
                "api",
                "me",
                "avatar"
              ]
            }
          }
        },
        {
          "name": "POST /api/me/avatar",
          "request": {
            "method": "POST",
            "header": [
              {
                "key": "Content-Type",
                "value": "application/json"
              }
            ],
            "url": {
              "raw": "{{baseUrl}}/api/me/avatar",
              "host": [
                "{{baseUrl}}"
              ],
              "path": [
                "api",
                "me",
                "avatar"
              ]
            },
            "body": {
              "mode": "raw",
              "raw": "{}"
            }
          }
        },
        {
          "name": "DELETE /api/me/banner",
          "request": {
            "method": "DELETE",
            "header": [],
            "url": {
              "raw": "{{baseUrl}}/api/me/banner",
              "host": [
                "{{baseUrl}}"
              ],
              "path": [
                "api",
                "me",
                "banner"
              ]
            }
          }
        },
        {
          "name": "POST /api/me/banner",
          "request": {
            "method": "POST",
            "header": [
              {
                "key": "Content-Type",
                "value": "application/json"
              }
            ],
            "url": {
              "raw": "{{baseUrl}}/api/me/banner",
              "host": [
                "{{baseUrl}}"
              ],
              "path": [
                "api",
                "me",
                "banner"
              ]
            },
            "body": {
              "mode": "raw",
              "raw": "{}"
            }
          }
        },
        {
          "name": "GET /api/me/beats",
          "request": {
            "method": "GET",
            "header": [],
            "url": {
              "raw": "{{baseUrl}}/api/me/beats",
              "host": [
                "{{baseUrl}}"
              ],
              "path": [
                "api",
                "me",
                "beats"
              ]
            }
          }
        },
        {
          "name": "DELETE /api/me/beats/{id}",
          "request": {
            "method": "DELETE",
            "header": [],
            "url": {
              "raw": "{{baseUrl}}/api/me/beats/{{id}}",
              "host": [
                "{{baseUrl}}"
              ],
              "path": [
                "api",
                "me",
                "beats",
                "{{id}}"
              ]
            }
          }
        },
        {
          "name": "GET /api/me/beats/{id}",
          "request": {
            "method": "GET",
            "header": [],
            "url": {
              "raw": "{{baseUrl}}/api/me/beats/{{id}}",
              "host": [
                "{{baseUrl}}"
              ],
              "path": [
                "api",
                "me",
                "beats",
                "{{id}}"
              ]
            }
          }
        },
        {
          "name": "PATCH /api/me/beats/{id}",
          "request": {
            "method": "PATCH",
            "header": [
              {
                "key": "Content-Type",
                "value": "application/json"
              }
            ],
            "url": {
              "raw": "{{baseUrl}}/api/me/beats/{{id}}",
              "host": [
                "{{baseUrl}}"
              ],
              "path": [
                "api",
                "me",
                "beats",
                "{{id}}"
              ]
            },
            "body": {
              "mode": "raw",
              "raw": "{}"
            }
          }
        },
        {
          "name": "GET /api/me/beats/{id}/licenses",
          "request": {
            "method": "GET",
            "header": [],
            "url": {
              "raw": "{{baseUrl}}/api/me/beats/{{id}}/licenses",
              "host": [
                "{{baseUrl}}"
              ],
              "path": [
                "api",
                "me",
                "beats",
                "{{id}}",
                "licenses"
              ]
            }
          }
        },
        {
          "name": "PATCH /api/me/beats/{id}/licenses",
          "request": {
            "method": "PATCH",
            "header": [
              {
                "key": "Content-Type",
                "value": "application/json"
              }
            ],
            "url": {
              "raw": "{{baseUrl}}/api/me/beats/{{id}}/licenses",
              "host": [
                "{{baseUrl}}"
              ],
              "path": [
                "api",
                "me",
                "beats",
                "{{id}}",
                "licenses"
              ]
            },
            "body": {
              "mode": "raw",
              "raw": "{}"
            }
          }
        },
        {
          "name": "POST /api/me/beats/{id}/stems",
          "request": {
            "method": "POST",
            "header": [
              {
                "key": "Content-Type",
                "value": "application/json"
              }
            ],
            "url": {
              "raw": "{{baseUrl}}/api/me/beats/{{id}}/stems",
              "host": [
                "{{baseUrl}}"
              ],
              "path": [
                "api",
                "me",
                "beats",
                "{{id}}",
                "stems"
              ]
            },
            "body": {
              "mode": "raw",
              "raw": "{}"
            }
          }
        },
        {
          "name": "GET /api/me/beats/featured",
          "request": {
            "method": "GET",
            "header": [],
            "url": {
              "raw": "{{baseUrl}}/api/me/beats/featured",
              "host": [
                "{{baseUrl}}"
              ],
              "path": [
                "api",
                "me",
                "beats",
                "featured"
              ]
            }
          }
        },
        {
          "name": "GET /api/me/beats/new",
          "request": {
            "method": "GET",
            "header": [],
            "url": {
              "raw": "{{baseUrl}}/api/me/beats/new",
              "host": [
                "{{baseUrl}}"
              ],
              "path": [
                "api",
                "me",
                "beats",
                "new"
              ]
            }
          }
        },
        {
          "name": "GET /api/me/beats/popular",
          "request": {
            "method": "GET",
            "header": [],
            "url": {
              "raw": "{{baseUrl}}/api/me/beats/popular",
              "host": [
                "{{baseUrl}}"
              ],
              "path": [
                "api",
                "me",
                "beats",
                "popular"
              ]
            }
          }
        },
        {
          "name": "GET /api/me/beats/trending",
          "request": {
            "method": "GET",
            "header": [],
            "url": {
              "raw": "{{baseUrl}}/api/me/beats/trending",
              "host": [
                "{{baseUrl}}"
              ],
              "path": [
                "api",
                "me",
                "beats",
                "trending"
              ]
            }
          }
        },
        {
          "name": "DELETE /api/me/bio",
          "request": {
            "method": "DELETE",
            "header": [],
            "url": {
              "raw": "{{baseUrl}}/api/me/bio",
              "host": [
                "{{baseUrl}}"
              ],
              "path": [
                "api",
                "me",
                "bio"
              ]
            }
          }
        },
        {
          "name": "PATCH /api/me/bio",
          "request": {
            "method": "PATCH",
            "header": [
              {
                "key": "Content-Type",
                "value": "application/json"
              }
            ],
            "url": {
              "raw": "{{baseUrl}}/api/me/bio",
              "host": [
                "{{baseUrl}}"
              ],
              "path": [
                "api",
                "me",
                "bio"
              ]
            },
            "body": {
              "mode": "raw",
              "raw": "{}"
            }
          }
        },
        {
          "name": "PATCH /api/me/email",
          "request": {
            "method": "PATCH",
            "header": [
              {
                "key": "Content-Type",
                "value": "application/json"
              }
            ],
            "url": {
              "raw": "{{baseUrl}}/api/me/email",
              "host": [
                "{{baseUrl}}"
              ],
              "path": [
                "api",
                "me",
                "email"
              ]
            },
            "body": {
              "mode": "raw",
              "raw": "{}"
            }
          }
        },
        {
          "name": "GET /api/me/kits",
          "request": {
            "method": "GET",
            "header": [],
            "url": {
              "raw": "{{baseUrl}}/api/me/kits",
              "host": [
                "{{baseUrl}}"
              ],
              "path": [
                "api",
                "me",
                "kits"
              ]
            }
          }
        },
        {
          "name": "DELETE /api/me/kits/{id}",
          "request": {
            "method": "DELETE",
            "header": [],
            "url": {
              "raw": "{{baseUrl}}/api/me/kits/{{id}}",
              "host": [
                "{{baseUrl}}"
              ],
              "path": [
                "api",
                "me",
                "kits",
                "{{id}}"
              ]
            }
          }
        },
        {
          "name": "GET /api/me/kits/{id}",
          "request": {
            "method": "GET",
            "header": [],
            "url": {
              "raw": "{{baseUrl}}/api/me/kits/{{id}}",
              "host": [
                "{{baseUrl}}"
              ],
              "path": [
                "api",
                "me",
                "kits",
                "{{id}}"
              ]
            }
          }
        },
        {
          "name": "PATCH /api/me/kits/{id}",
          "request": {
            "method": "PATCH",
            "header": [
              {
                "key": "Content-Type",
                "value": "application/json"
              }
            ],
            "url": {
              "raw": "{{baseUrl}}/api/me/kits/{{id}}",
              "host": [
                "{{baseUrl}}"
              ],
              "path": [
                "api",
                "me",
                "kits",
                "{{id}}"
              ]
            },
            "body": {
              "mode": "raw",
              "raw": "{}"
            }
          }
        },
        {
          "name": "GET /api/me/kits/{id}/contents",
          "request": {
            "method": "GET",
            "header": [],
            "url": {
              "raw": "{{baseUrl}}/api/me/kits/{{id}}/contents",
              "host": [
                "{{baseUrl}}"
              ],
              "path": [
                "api",
                "me",
                "kits",
                "{{id}}",
                "contents"
              ]
            }
          }
        },
        {
          "name": "DELETE /api/me/kits/{kitId}/files/{index}",
          "request": {
            "method": "DELETE",
            "header": [],
            "url": {
              "raw": "{{baseUrl}}/api/me/kits/{{kitId}}/files/{{index}}",
              "host": [
                "{{baseUrl}}"
              ],
              "path": [
                "api",
                "me",
                "kits",
                "{{kitId}}",
                "files",
                "{{index}}"
              ]
            }
          }
        },
        {
          "name": "GET /api/me/kits/featured",
          "request": {
            "method": "GET",
            "header": [],
            "url": {
              "raw": "{{baseUrl}}/api/me/kits/featured",
              "host": [
                "{{baseUrl}}"
              ],
              "path": [
                "api",
                "me",
                "kits",
                "featured"
              ]
            }
          }
        },
        {
          "name": "GET /api/me/kits/new",
          "request": {
            "method": "GET",
            "header": [],
            "url": {
              "raw": "{{baseUrl}}/api/me/kits/new",
              "host": [
                "{{baseUrl}}"
              ],
              "path": [
                "api",
                "me",
                "kits",
                "new"
              ]
            }
          }
        },
        {
          "name": "GET /api/me/kits/popular",
          "request": {
            "method": "GET",
            "header": [],
            "url": {
              "raw": "{{baseUrl}}/api/me/kits/popular",
              "host": [
                "{{baseUrl}}"
              ],
              "path": [
                "api",
                "me",
                "kits",
                "popular"
              ]
            }
          }
        },
        {
          "name": "GET /api/me/kits/trending",
          "request": {
            "method": "GET",
            "header": [],
            "url": {
              "raw": "{{baseUrl}}/api/me/kits/trending",
              "host": [
                "{{baseUrl}}"
              ],
              "path": [
                "api",
                "me",
                "kits",
                "trending"
              ]
            }
          }
        },
        {
          "name": "GET /api/me/packs",
          "request": {
            "method": "GET",
            "header": [],
            "url": {
              "raw": "{{baseUrl}}/api/me/packs",
              "host": [
                "{{baseUrl}}"
              ],
              "path": [
                "api",
                "me",
                "packs"
              ]
            }
          }
        },
        {
          "name": "DELETE /api/me/packs/{id}",
          "request": {
            "method": "DELETE",
            "header": [],
            "url": {
              "raw": "{{baseUrl}}/api/me/packs/{{id}}",
              "host": [
                "{{baseUrl}}"
              ],
              "path": [
                "api",
                "me",
                "packs",
                "{{id}}"
              ]
            }
          }
        },
        {
          "name": "GET /api/me/packs/{id}",
          "request": {
            "method": "GET",
            "header": [],
            "url": {
              "raw": "{{baseUrl}}/api/me/packs/{{id}}",
              "host": [
                "{{baseUrl}}"
              ],
              "path": [
                "api",
                "me",
                "packs",
                "{{id}}"
              ]
            }
          }
        },
        {
          "name": "PATCH /api/me/packs/{id}",
          "request": {
            "method": "PATCH",
            "header": [
              {
                "key": "Content-Type",
                "value": "application/json"
              }
            ],
            "url": {
              "raw": "{{baseUrl}}/api/me/packs/{{id}}",
              "host": [
                "{{baseUrl}}"
              ],
              "path": [
                "api",
                "me",
                "packs",
                "{{id}}"
              ]
            },
            "body": {
              "mode": "raw",
              "raw": "{}"
            }
          }
        },
        {
          "name": "GET /api/me/packs/{id}/contents",
          "request": {
            "method": "GET",
            "header": [],
            "url": {
              "raw": "{{baseUrl}}/api/me/packs/{{id}}/contents",
              "host": [
                "{{baseUrl}}"
              ],
              "path": [
                "api",
                "me",
                "packs",
                "{{id}}",
                "contents"
              ]
            }
          }
        },
        {
          "name": "GET /api/me/packs/{id}/licenses",
          "request": {
            "method": "GET",
            "header": [],
            "url": {
              "raw": "{{baseUrl}}/api/me/packs/{{id}}/licenses",
              "host": [
                "{{baseUrl}}"
              ],
              "path": [
                "api",
                "me",
                "packs",
                "{{id}}",
                "licenses"
              ]
            }
          }
        },
        {
          "name": "PATCH /api/me/packs/{id}/licenses",
          "request": {
            "method": "PATCH",
            "header": [
              {
                "key": "Content-Type",
                "value": "application/json"
              }
            ],
            "url": {
              "raw": "{{baseUrl}}/api/me/packs/{{id}}/licenses",
              "host": [
                "{{baseUrl}}"
              ],
              "path": [
                "api",
                "me",
                "packs",
                "{{id}}",
                "licenses"
              ]
            },
            "body": {
              "mode": "raw",
              "raw": "{}"
            }
          }
        },
        {
          "name": "POST /api/me/packs/{id}/stems",
          "request": {
            "method": "POST",
            "header": [
              {
                "key": "Content-Type",
                "value": "application/json"
              }
            ],
            "url": {
              "raw": "{{baseUrl}}/api/me/packs/{{id}}/stems",
              "host": [
                "{{baseUrl}}"
              ],
              "path": [
                "api",
                "me",
                "packs",
                "{{id}}",
                "stems"
              ]
            },
            "body": {
              "mode": "raw",
              "raw": "{}"
            }
          }
        },
        {
          "name": "DELETE /api/me/packs/{packId}/beats/{beatId}",
          "request": {
            "method": "DELETE",
            "header": [],
            "url": {
              "raw": "{{baseUrl}}/api/me/packs/{{packId}}/beats/{{beatId}}",
              "host": [
                "{{baseUrl}}"
              ],
              "path": [
                "api",
                "me",
                "packs",
                "{{packId}}",
                "beats",
                "{{beatId}}"
              ]
            }
          }
        },
        {
          "name": "GET /api/me/packs/featured",
          "request": {
            "method": "GET",
            "header": [],
            "url": {
              "raw": "{{baseUrl}}/api/me/packs/featured",
              "host": [
                "{{baseUrl}}"
              ],
              "path": [
                "api",
                "me",
                "packs",
                "featured"
              ]
            }
          }
        },
        {
          "name": "GET /api/me/packs/new",
          "request": {
            "method": "GET",
            "header": [],
            "url": {
              "raw": "{{baseUrl}}/api/me/packs/new",
              "host": [
                "{{baseUrl}}"
              ],
              "path": [
                "api",
                "me",
                "packs",
                "new"
              ]
            }
          }
        },
        {
          "name": "GET /api/me/packs/popular",
          "request": {
            "method": "GET",
            "header": [],
            "url": {
              "raw": "{{baseUrl}}/api/me/packs/popular",
              "host": [
                "{{baseUrl}}"
              ],
              "path": [
                "api",
                "me",
                "packs",
                "popular"
              ]
            }
          }
        },
        {
          "name": "GET /api/me/packs/trending",
          "request": {
            "method": "GET",
            "header": [],
            "url": {
              "raw": "{{baseUrl}}/api/me/packs/trending",
              "host": [
                "{{baseUrl}}"
              ],
              "path": [
                "api",
                "me",
                "packs",
                "trending"
              ]
            }
          }
        },
        {
          "name": "PATCH /api/me/password",
          "request": {
            "method": "PATCH",
            "header": [
              {
                "key": "Content-Type",
                "value": "application/json"
              }
            ],
            "url": {
              "raw": "{{baseUrl}}/api/me/password",
              "host": [
                "{{baseUrl}}"
              ],
              "path": [
                "api",
                "me",
                "password"
              ]
            },
            "body": {
              "mode": "raw",
              "raw": "{}"
            }
          }
        },
        {
          "name": "PATCH /api/me/profile",
          "request": {
            "method": "PATCH",
            "header": [
              {
                "key": "Content-Type",
                "value": "application/json"
              }
            ],
            "url": {
              "raw": "{{baseUrl}}/api/me/profile",
              "host": [
                "{{baseUrl}}"
              ],
              "path": [
                "api",
                "me",
                "profile"
              ]
            },
            "body": {
              "mode": "raw",
              "raw": "{}"
            }
          }
        },
        {
          "name": "POST /api/me/profile",
          "request": {
            "method": "POST",
            "header": [
              {
                "key": "Content-Type",
                "value": "application/json"
              }
            ],
            "url": {
              "raw": "{{baseUrl}}/api/me/profile",
              "host": [
                "{{baseUrl}}"
              ],
              "path": [
                "api",
                "me",
                "profile"
              ]
            },
            "body": {
              "mode": "raw",
              "raw": "{}"
            }
          }
        },
        {
          "name": "GET /api/me/referral",
          "request": {
            "method": "GET",
            "header": [],
            "url": {
              "raw": "{{baseUrl}}/api/me/referral",
              "host": [
                "{{baseUrl}}"
              ],
              "path": [
                "api",
                "me",
                "referral"
              ]
            }
          }
        },
        {
          "name": "PATCH /api/me/username",
          "request": {
            "method": "PATCH",
            "header": [
              {
                "key": "Content-Type",
                "value": "application/json"
              }
            ],
            "url": {
              "raw": "{{baseUrl}}/api/me/username",
              "host": [
                "{{baseUrl}}"
              ],
              "path": [
                "api",
                "me",
                "username"
              ]
            },
            "body": {
              "mode": "raw",
              "raw": "{}"
            }
          }
        }
      ]
    },
    {
      "name": "notifications",
      "item": [
        {
          "name": "DELETE /api/notifications/{id}",
          "request": {
            "method": "DELETE",
            "header": [],
            "url": {
              "raw": "{{baseUrl}}/api/notifications/{{id}}",
              "host": [
                "{{baseUrl}}"
              ],
              "path": [
                "api",
                "notifications",
                "{{id}}"
              ]
            }
          }
        },
        {
          "name": "POST /api/notifications/{id}/read",
          "request": {
            "method": "POST",
            "header": [
              {
                "key": "Content-Type",
                "value": "application/json"
              }
            ],
            "url": {
              "raw": "{{baseUrl}}/api/notifications/{{id}}/read",
              "host": [
                "{{baseUrl}}"
              ],
              "path": [
                "api",
                "notifications",
                "{{id}}",
                "read"
              ]
            },
            "body": {
              "mode": "raw",
              "raw": "{}"
            }
          }
        },
        {
          "name": "GET /api/notifications/all",
          "request": {
            "method": "GET",
            "header": [],
            "url": {
              "raw": "{{baseUrl}}/api/notifications/all",
              "host": [
                "{{baseUrl}}"
              ],
              "path": [
                "api",
                "notifications",
                "all"
              ]
            }
          }
        },
        {
          "name": "POST /api/notifications/read-all",
          "request": {
            "method": "POST",
            "header": [
              {
                "key": "Content-Type",
                "value": "application/json"
              }
            ],
            "url": {
              "raw": "{{baseUrl}}/api/notifications/read-all",
              "host": [
                "{{baseUrl}}"
              ],
              "path": [
                "api",
                "notifications",
                "read-all"
              ]
            },
            "body": {
              "mode": "raw",
              "raw": "{}"
            }
          }
        },
        {
          "name": "GET /api/notifications/stream",
          "request": {
            "method": "GET",
            "header": [],
            "url": {
              "raw": "{{baseUrl}}/api/notifications/stream",
              "host": [
                "{{baseUrl}}"
              ],
              "path": [
                "api",
                "notifications",
                "stream"
              ]
            }
          }
        },
        {
          "name": "GET /api/notifications/unread",
          "request": {
            "method": "GET",
            "header": [],
            "url": {
              "raw": "{{baseUrl}}/api/notifications/unread",
              "host": [
                "{{baseUrl}}"
              ],
              "path": [
                "api",
                "notifications",
                "unread"
              ]
            }
          }
        }
      ]
    },
    {
      "name": "packs",
      "item": [
        {
          "name": "GET /api/packs/{id}",
          "request": {
            "method": "GET",
            "header": [],
            "url": {
              "raw": "{{baseUrl}}/api/packs/{{id}}",
              "host": [
                "{{baseUrl}}"
              ],
              "path": [
                "api",
                "packs",
                "{{id}}"
              ]
            }
          }
        },
        {
          "name": "PUT /api/packs/{id}",
          "request": {
            "method": "PUT",
            "header": [
              {
                "key": "Content-Type",
                "value": "application/json"
              }
            ],
            "url": {
              "raw": "{{baseUrl}}/api/packs/{{id}}",
              "host": [
                "{{baseUrl}}"
              ],
              "path": [
                "api",
                "packs",
                "{{id}}"
              ]
            },
            "body": {
              "mode": "raw",
              "raw": "{}"
            }
          }
        },
        {
          "name": "GET /api/packs/{id}/comments",
          "request": {
            "method": "GET",
            "header": [],
            "url": {
              "raw": "{{baseUrl}}/api/packs/{{id}}/comments",
              "host": [
                "{{baseUrl}}"
              ],
              "path": [
                "api",
                "packs",
                "{{id}}",
                "comments"
              ]
            }
          }
        },
        {
          "name": "POST /api/packs/{id}/comments",
          "request": {
            "method": "POST",
            "header": [
              {
                "key": "Content-Type",
                "value": "application/json"
              }
            ],
            "url": {
              "raw": "{{baseUrl}}/api/packs/{{id}}/comments",
              "host": [
                "{{baseUrl}}"
              ],
              "path": [
                "api",
                "packs",
                "{{id}}",
                "comments"
              ]
            },
            "body": {
              "mode": "raw",
              "raw": "{}"
            }
          }
        },
        {
          "name": "GET /api/packs/{id}/contents",
          "request": {
            "method": "GET",
            "header": [],
            "url": {
              "raw": "{{baseUrl}}/api/packs/{{id}}/contents",
              "host": [
                "{{baseUrl}}"
              ],
              "path": [
                "api",
                "packs",
                "{{id}}",
                "contents"
              ]
            }
          }
        },
        {
          "name": "POST /api/packs/{id}/feature",
          "request": {
            "method": "POST",
            "header": [
              {
                "key": "Content-Type",
                "value": "application/json"
              }
            ],
            "url": {
              "raw": "{{baseUrl}}/api/packs/{{id}}/feature",
              "host": [
                "{{baseUrl}}"
              ],
              "path": [
                "api",
                "packs",
                "{{id}}",
                "feature"
              ]
            },
            "body": {
              "mode": "raw",
              "raw": "{}"
            }
          }
        },
        {
          "name": "GET /api/packs/{id}/licenses",
          "request": {
            "method": "GET",
            "header": [],
            "url": {
              "raw": "{{baseUrl}}/api/packs/{{id}}/licenses",
              "host": [
                "{{baseUrl}}"
              ],
              "path": [
                "api",
                "packs",
                "{{id}}",
                "licenses"
              ]
            }
          }
        },
        {
          "name": "DELETE /api/packs/{id}/like",
          "request": {
            "method": "DELETE",
            "header": [],
            "url": {
              "raw": "{{baseUrl}}/api/packs/{{id}}/like",
              "host": [
                "{{baseUrl}}"
              ],
              "path": [
                "api",
                "packs",
                "{{id}}",
                "like"
              ]
            }
          }
        },
        {
          "name": "POST /api/packs/{id}/like",
          "request": {
            "method": "POST",
            "header": [
              {
                "key": "Content-Type",
                "value": "application/json"
              }
            ],
            "url": {
              "raw": "{{baseUrl}}/api/packs/{{id}}/like",
              "host": [
                "{{baseUrl}}"
              ],
              "path": [
                "api",
                "packs",
                "{{id}}",
                "like"
              ]
            },
            "body": {
              "mode": "raw",
              "raw": "{}"
            }
          }
        },
        {
          "name": "GET /api/packs/{id}/liked",
          "request": {
            "method": "GET",
            "header": [],
            "url": {
              "raw": "{{baseUrl}}/api/packs/{{id}}/liked",
              "host": [
                "{{baseUrl}}"
              ],
              "path": [
                "api",
                "packs",
                "{{id}}",
                "liked"
              ]
            }
          }
        },
        {
          "name": "POST /api/packs/{id}/play",
          "request": {
            "method": "POST",
            "header": [
              {
                "key": "Content-Type",
                "value": "application/json"
              }
            ],
            "url": {
              "raw": "{{baseUrl}}/api/packs/{{id}}/play",
              "host": [
                "{{baseUrl}}"
              ],
              "path": [
                "api",
                "packs",
                "{{id}}",
                "play"
              ]
            },
            "body": {
              "mode": "raw",
              "raw": "{}"
            }
          }
        },
        {
          "name": "GET /api/packs/{id}/preview-playlist",
          "request": {
            "method": "GET",
            "header": [],
            "url": {
              "raw": "{{baseUrl}}/api/packs/{{id}}/preview-playlist",
              "host": [
                "{{baseUrl}}"
              ],
              "path": [
                "api",
                "packs",
                "{{id}}",
                "preview-playlist"
              ]
            }
          }
        },
        {
          "name": "DELETE /api/packs/{packId}/comments/{commentId}",
          "request": {
            "method": "DELETE",
            "header": [],
            "url": {
              "raw": "{{baseUrl}}/api/packs/{{packId}}/comments/{{commentId}}",
              "host": [
                "{{baseUrl}}"
              ],
              "path": [
                "api",
                "packs",
                "{{packId}}",
                "comments",
                "{{commentId}}"
              ]
            }
          }
        },
        {
          "name": "PATCH /api/packs/{packId}/comments/{commentId}",
          "request": {
            "method": "PATCH",
            "header": [
              {
                "key": "Content-Type",
                "value": "application/json"
              }
            ],
            "url": {
              "raw": "{{baseUrl}}/api/packs/{{packId}}/comments/{{commentId}}",
              "host": [
                "{{baseUrl}}"
              ],
              "path": [
                "api",
                "packs",
                "{{packId}}",
                "comments",
                "{{commentId}}"
              ]
            },
            "body": {
              "mode": "raw",
              "raw": "{}"
            }
          }
        },
        {
          "name": "POST /api/packs/{packId}/comments/{commentId}/like",
          "request": {
            "method": "POST",
            "header": [
              {
                "key": "Content-Type",
                "value": "application/json"
              }
            ],
            "url": {
              "raw": "{{baseUrl}}/api/packs/{{packId}}/comments/{{commentId}}/like",
              "host": [
                "{{baseUrl}}"
              ],
              "path": [
                "api",
                "packs",
                "{{packId}}",
                "comments",
                "{{commentId}}",
                "like"
              ]
            },
            "body": {
              "mode": "raw",
              "raw": "{}"
            }
          }
        },
        {
          "name": "POST /api/packs/{packId}/comments/{commentId}/unlike",
          "request": {
            "method": "POST",
            "header": [
              {
                "key": "Content-Type",
                "value": "application/json"
              }
            ],
            "url": {
              "raw": "{{baseUrl}}/api/packs/{{packId}}/comments/{{commentId}}/unlike",
              "host": [
                "{{baseUrl}}"
              ],
              "path": [
                "api",
                "packs",
                "{{packId}}",
                "comments",
                "{{commentId}}",
                "unlike"
              ]
            },
            "body": {
              "mode": "raw",
              "raw": "{}"
            }
          }
        },
        {
          "name": "GET /api/packs/approved",
          "request": {
            "method": "GET",
            "header": [],
            "url": {
              "raw": "{{baseUrl}}/api/packs/approved",
              "host": [
                "{{baseUrl}}"
              ],
              "path": [
                "api",
                "packs",
                "approved"
              ]
            }
          }
        },
        {
          "name": "GET /api/packs/by-slug/{slug}",
          "request": {
            "method": "GET",
            "header": [],
            "url": {
              "raw": "{{baseUrl}}/api/packs/by-slug/{{slug}}",
              "host": [
                "{{baseUrl}}"
              ],
              "path": [
                "api",
                "packs",
                "by-slug",
                "{{slug}}"
              ]
            }
          }
        },
        {
          "name": "GET /api/packs/by-slug/{slug}/contents",
          "request": {
            "method": "GET",
            "header": [],
            "url": {
              "raw": "{{baseUrl}}/api/packs/by-slug/{{slug}}/contents",
              "host": [
                "{{baseUrl}}"
              ],
              "path": [
                "api",
                "packs",
                "by-slug",
                "{{slug}}",
                "contents"
              ]
            }
          }
        },
        {
          "name": "GET /api/packs/featured",
          "request": {
            "method": "GET",
            "header": [],
            "url": {
              "raw": "{{baseUrl}}/api/packs/featured",
              "host": [
                "{{baseUrl}}"
              ],
              "path": [
                "api",
                "packs",
                "featured"
              ]
            }
          }
        },
        {
          "name": "GET /api/packs/new",
          "request": {
            "method": "GET",
            "header": [],
            "url": {
              "raw": "{{baseUrl}}/api/packs/new",
              "host": [
                "{{baseUrl}}"
              ],
              "path": [
                "api",
                "packs",
                "new"
              ]
            }
          }
        },
        {
          "name": "GET /api/packs/popular",
          "request": {
            "method": "GET",
            "header": [],
            "url": {
              "raw": "{{baseUrl}}/api/packs/popular",
              "host": [
                "{{baseUrl}}"
              ],
              "path": [
                "api",
                "packs",
                "popular"
              ]
            }
          }
        },
        {
          "name": "GET /api/packs/search",
          "request": {
            "method": "GET",
            "header": [],
            "url": {
              "raw": "{{baseUrl}}/api/packs/search",
              "host": [
                "{{baseUrl}}"
              ],
              "path": [
                "api",
                "packs",
                "search"
              ]
            }
          }
        },
        {
          "name": "GET /api/packs/trending",
          "request": {
            "method": "GET",
            "header": [],
            "url": {
              "raw": "{{baseUrl}}/api/packs/trending",
              "host": [
                "{{baseUrl}}"
              ],
              "path": [
                "api",
                "packs",
                "trending"
              ]
            }
          }
        },
        {
          "name": "POST /api/packs/upload",
          "request": {
            "method": "POST",
            "header": [
              {
                "key": "Content-Type",
                "value": "application/json"
              }
            ],
            "url": {
              "raw": "{{baseUrl}}/api/packs/upload",
              "host": [
                "{{baseUrl}}"
              ],
              "path": [
                "api",
                "packs",
                "upload"
              ]
            },
            "body": {
              "mode": "raw",
              "raw": "{}"
            }
          }
        }
      ]
    },
    {
      "name": "promotions",
      "item": [
        {
          "name": "POST /api/promotions/{id}/cancel",
          "request": {
            "method": "POST",
            "header": [
              {
                "key": "Content-Type",
                "value": "application/json"
              }
            ],
            "url": {
              "raw": "{{baseUrl}}/api/promotions/{{id}}/cancel",
              "host": [
                "{{baseUrl}}"
              ],
              "path": [
                "api",
                "promotions",
                "{{id}}",
                "cancel"
              ]
            },
            "body": {
              "mode": "raw",
              "raw": "{}"
            }
          }
        },
        {
          "name": "GET /api/promotions/mine",
          "request": {
            "method": "GET",
            "header": [],
            "url": {
              "raw": "{{baseUrl}}/api/promotions/mine",
              "host": [
                "{{baseUrl}}"
              ],
              "path": [
                "api",
                "promotions",
                "mine"
              ]
            }
          }
        }
      ]
    },
    {
      "name": "purchases",
      "item": [
        {
          "name": "GET /api/purchases/{id}/license",
          "request": {
            "method": "GET",
            "header": [],
            "url": {
              "raw": "{{baseUrl}}/api/purchases/{{id}}/license",
              "host": [
                "{{baseUrl}}"
              ],
              "path": [
                "api",
                "purchases",
                "{{id}}",
                "license"
              ]
            }
          }
        },
        {
          "name": "GET /api/purchases/beats/{purchaseId}/download",
          "request": {
            "method": "GET",
            "header": [],
            "url": {
              "raw": "{{baseUrl}}/api/purchases/beats/{{purchaseId}}/download",
              "host": [
                "{{baseUrl}}"
              ],
              "path": [
                "api",
                "purchases",
                "beats",
                "{{purchaseId}}",
                "download"
              ]
            }
          }
        },
        {
          "name": "GET /api/purchases/beats/{purchaseId}/stream",
          "request": {
            "method": "GET",
            "header": [],
            "url": {
              "raw": "{{baseUrl}}/api/purchases/beats/{{purchaseId}}/stream",
              "host": [
                "{{baseUrl}}"
              ],
              "path": [
                "api",
                "purchases",
                "beats",
                "{{purchaseId}}",
                "stream"
              ]
            }
          }
        },
        {
          "name": "GET /api/purchases/kits/{purchaseId}/download",
          "request": {
            "method": "GET",
            "header": [],
            "url": {
              "raw": "{{baseUrl}}/api/purchases/kits/{{purchaseId}}/download",
              "host": [
                "{{baseUrl}}"
              ],
              "path": [
                "api",
                "purchases",
                "kits",
                "{{purchaseId}}",
                "download"
              ]
            }
          }
        },
        {
          "name": "GET /api/purchases/kits/{purchaseId}/stream",
          "request": {
            "method": "GET",
            "header": [],
            "url": {
              "raw": "{{baseUrl}}/api/purchases/kits/{{purchaseId}}/stream",
              "host": [
                "{{baseUrl}}"
              ],
              "path": [
                "api",
                "purchases",
                "kits",
                "{{purchaseId}}",
                "stream"
              ]
            }
          }
        },
        {
          "name": "GET /api/purchases/kits/{purchaseId}/tracks",
          "request": {
            "method": "GET",
            "header": [],
            "url": {
              "raw": "{{baseUrl}}/api/purchases/kits/{{purchaseId}}/tracks",
              "host": [
                "{{baseUrl}}"
              ],
              "path": [
                "api",
                "purchases",
                "kits",
                "{{purchaseId}}",
                "tracks"
              ]
            }
          }
        },
        {
          "name": "GET /api/purchases/mine",
          "request": {
            "method": "GET",
            "header": [],
            "url": {
              "raw": "{{baseUrl}}/api/purchases/mine",
              "host": [
                "{{baseUrl}}"
              ],
              "path": [
                "api",
                "purchases",
                "mine"
              ]
            }
          }
        },
        {
          "name": "GET /api/purchases/order/{orderId}",
          "request": {
            "method": "GET",
            "header": [],
            "url": {
              "raw": "{{baseUrl}}/api/purchases/order/{{orderId}}",
              "host": [
                "{{baseUrl}}"
              ],
              "path": [
                "api",
                "purchases",
                "order",
                "{{orderId}}"
              ]
            }
          }
        },
        {
          "name": "GET /api/purchases/packs/{purchaseId}/download",
          "request": {
            "method": "GET",
            "header": [],
            "url": {
              "raw": "{{baseUrl}}/api/purchases/packs/{{purchaseId}}/download",
              "host": [
                "{{baseUrl}}"
              ],
              "path": [
                "api",
                "purchases",
                "packs",
                "{{purchaseId}}",
                "download"
              ]
            }
          }
        },
        {
          "name": "GET /api/purchases/packs/{purchaseId}/stream",
          "request": {
            "method": "GET",
            "header": [],
            "url": {
              "raw": "{{baseUrl}}/api/purchases/packs/{{purchaseId}}/stream",
              "host": [
                "{{baseUrl}}"
              ],
              "path": [
                "api",
                "purchases",
                "packs",
                "{{purchaseId}}",
                "stream"
              ]
            }
          }
        },
        {
          "name": "GET /api/purchases/packs/{purchaseId}/tracks",
          "request": {
            "method": "GET",
            "header": [],
            "url": {
              "raw": "{{baseUrl}}/api/purchases/packs/{{purchaseId}}/tracks",
              "host": [
                "{{baseUrl}}"
              ],
              "path": [
                "api",
                "purchases",
                "packs",
                "{{purchaseId}}",
                "tracks"
              ]
            }
          }
        }
      ]
    },
    {
      "name": "users",
      "item": [
        {
          "name": "GET /api/users/{id}",
          "request": {
            "method": "GET",
            "header": [],
            "url": {
              "raw": "{{baseUrl}}/api/users/{{id}}",
              "host": [
                "{{baseUrl}}"
              ],
              "path": [
                "api",
                "users",
                "{{id}}"
              ]
            }
          }
        },
        {
          "name": "GET /api/users/{id}/beats",
          "request": {
            "method": "GET",
            "header": [],
            "url": {
              "raw": "{{baseUrl}}/api/users/{{id}}/beats",
              "host": [
                "{{baseUrl}}"
              ],
              "path": [
                "api",
                "users",
                "{{id}}",
                "beats"
              ]
            }
          }
        },
        {
          "name": "GET /api/users/artist/{id}",
          "request": {
            "method": "GET",
            "header": [],
            "url": {
              "raw": "{{baseUrl}}/api/users/artist/{{id}}",
              "host": [
                "{{baseUrl}}"
              ],
              "path": [
                "api",
                "users",
                "artist",
                "{{id}}"
              ]
            }
          }
        },
        {
          "name": "GET /api/users/producers",
          "request": {
            "method": "GET",
            "header": [],
            "url": {
              "raw": "{{baseUrl}}/api/users/producers",
              "host": [
                "{{baseUrl}}"
              ],
              "path": [
                "api",
                "users",
                "producers"
              ]
            }
          }
        },
        {
          "name": "DELETE /api/users/profile-picture",
          "request": {
            "method": "DELETE",
            "header": [],
            "url": {
              "raw": "{{baseUrl}}/api/users/profile-picture",
              "host": [
                "{{baseUrl}}"
              ],
              "path": [
                "api",
                "users",
                "profile-picture"
              ]
            }
          }
        },
        {
          "name": "POST /api/users/profile-picture",
          "request": {
            "method": "POST",
            "header": [
              {
                "key": "Content-Type",
                "value": "application/json"
              }
            ],
            "url": {
              "raw": "{{baseUrl}}/api/users/profile-picture",
              "host": [
                "{{baseUrl}}"
              ],
              "path": [
                "api",
                "users",
                "profile-picture"
              ]
            },
            "body": {
              "mode": "raw",
              "raw": "{}"
            }
          }
        }
      ]
    }
  ]
}